update+kr4mkrsygr5a@facebookmail.com	Facebook	2012-05-30 11:50
newblue@gmail.com	newblue	2012-05-29 20:25
jwkrahn@shaw.ca	John W. Krahn	2012-05-31 20:10
webbtide@gmail.com	bryanb	2012-05-28 00:50
toothpik@swbell.net	sc	2012-05-26 23:45
veranda.marco@gmail.com	qfwfq	2012-06-01 20:55
xylodrum@gmail.com	Xylo Drum	2012-05-30 04:55
dominique.michel@vtxnet.ch	Dominique Michel	2012-05-25 06:10
davidagraf@gmail.com	David Graf	2012-06-02 01:35
Charles.E.Campbell@nasa.gov	Charles Campbell	2012-05-31 01:15
redpeprcomputing@gmail.com	djMot	2012-06-01 04:30
jander.sy@gmail.com	jander.sy	2012-05-30 09:15
lrn@chromium.org	Lasse R.H. Nielsen	2012-06-02 00:25
davemorgan353@btinternet.com	Dave Morgan	2012-05-31 23:00
vadimtsushko@gmail.com	Vadim Tsushko	2012-06-02 16:15
dnied@tiscali.it	Dario Niedermann	2012-06-02 08:20
iposva@google.com	Ivan Posva	2012-06-02 03:45
lilydjwg@gmail.com	??????	2012-05-25 19:40
rfulbrig@hotmail.com	Roy Fulbright	2012-05-25 01:25
steinhardt.ptk@googlemail.com	Patrick Steinhardt	2012-05-25 17:05
willruss1@gmail.com	Will Russell	2012-05-29 22:30
269632024@qq.com	??????	2012-05-25 12:00
static.vortex@gmx.com	gt	2012-05-31 19:20
list@qtrac.plus.com	Mark Summerfield	2012-06-02 03:10
nan_wich@bellsouth.net	Ms. Nancy Wichmann	2012-06-02 21:45
vim@drmikehenry.com	Michael Henry	2012-05-24 19:30
krfantasyx@gmail.com	Jay Xu	2012-05-27 16:45
support@drupal.org	support@drupal.org	2012-06-02 21:45
sandholm@google.com	Anders Sandholm	2012-06-01 19:10
webmaster@haweb.org	Matthew Hall	2012-05-25 03:55
fredbezies@gmail.com	Frederic Bezies	2012-06-01 21:20
donald@fane.com	Don Pickerel	2012-06-02 04:35
amirjanyan@gmail.com	Harutyun Amirjanyan	2012-06-01 06:20
notedit@gmail.com	notedit	2012-05-30 17:00
hilaldm@yahoo.com	hilal Adam	2012-05-26 17:45
jyf1987@gmail.com	jyf	2012-05-30 09:45
fella@deviantart.com	deviantART	2012-05-26 09:00
joncle@googlemail.com	Jon Clements	2012-06-02 08:50
topofocus@gmail.com	Hartmut Bischoff	2012-05-27 05:40
monnand@gmail.com	monnand@gmail.com	2012-06-01 13:20
Ken.Schmitt@tollgroup.com	Ken Schmitt	2012-05-30 01:50
R.M.Krug@gmail.com	Rainer M Krug	2012-05-24 16:55
cs@zip.com.au	Cameron Simpson	2012-05-28 08:15
waynejwerner@gmail.com	Wayne Werner	2012-05-27 20:40
lonelypixel@gmail.com	lonelypixel	2012-05-29 15:00
michael@jamhome.us	Michael Rasmussen	2012-05-28 12:35
eub@google.com	Eli Brandt	2012-06-01 18:30
nicolas.franc@gmail.com	Nicolas François	2012-05-26 18:25
axilleaspi@ymail.com	Axilleas Pi	2012-05-25 17:55
John@wexfordpress.com	'john Culleton'	2012-05-27 22:20
rhys.vdw@gmail.com	Rhys van der Waerden	2012-05-25 12:15
rupert.key@gmail.com	Rupert Key	2012-06-01 16:15
568513029@qq.com	??????	2012-05-25 12:00
tom.yeh.m@gmail.com	Tom	2012-05-26 01:10
mutantturkey@gmail.com	Calvin Morrison	2012-06-01 03:55
nick@afternight.org	Nick Lanham	2012-05-24 18:50
reply+i-4774876-76a0d3bafa85cf5f2b929acbbae2e371f788fcc2-378699@reply.github.com	Tom Ryder	2012-05-28 21:10
tgray@protozoic.com	Tim Gray	2012-05-24 20:25
msx@archlinux.us	Martin Cigorraga	2012-05-31 16:50
851590899@qq.com	Alias	2012-05-25 12:00
jesse.jaara@gmail.com	Jesse Jaara	2012-06-02 07:05
skeept@gmail.com	jorge rodrigues	2012-05-27 04:15
demis.bellot@gmail.com	mythz	2012-05-29 16:15
whesse@google.com	William Hesse	2012-06-02 01:20
andreas.leha@med.uni-goettingen.de	Andreas Leha	2012-05-24 17:25
arch-general@archlinux.org	General Discussion about Ar...	2012-06-02 20:15
ltackmann@gmail.com	Lars Tackmann	2012-05-28 15:30
vluewind@gmail.com	??????	2012-05-24 17:05
golang-china@googlegroups.com	golang-china@googlegroups.com	2012-05-29 23:05
985398892@qq.com	?????????	2012-05-25 12:00
group-digests@linkedin.com	Black Hat Group Members	2012-06-01 01:25
virtualritz@gmail.com	Moritz M½ller	2012-05-26 00:45
704948845@qq.com	??????	2012-05-25 12:00
dennis@archlinux.org	Dennis Herbrich	2012-06-01 16:20
r.m.krug@gmail.com	Rainer M Krug	2012-05-30 15:05
allan@archlinux.org	Allan McRae	2012-06-02 14:10
news@sugarsync.com	SugarSync	2012-05-25 06:10
chieftrain@googlemail.com	Jonas Dörken	2012-05-27 21:30
keramida@ceid.upatras.gr	Giorgos Keramidas	2012-05-30 02:30
julian.ryde@gmail.com	Julian Ryde	2012-05-25 04:10
myra.nelson@hughes.net	Myra Nelson	2012-05-31 02:25
xiemengjun@gmail.com	Asta Xie	2012-05-29 17:15
msc@contact.de	Michael Schlenker	2012-05-31 19:05
lists@sapience.com	Genes MailLists	2012-06-01 01:35
gleira@gleira.com	Guillermo Leira	2012-05-30 17:20
dpchrist@holgerdanske.com	David Christensen	2012-05-27 06:15
snowmaniscool@gmail.com	Eric Bélanger	2012-05-30 23:25
shlomif@shlomifish.org	Shlomi Fish	2012-05-31 06:10
johnb.beckett@gmail.com	John Beckett	2012-06-02 07:25
azatek0@gmail.com	Aza Tek	2012-05-29 19:55
kasperl@google.com	Kasper Lund	2012-06-01 18:30
995753907@qq.com	??????	2012-05-25 12:00
912241803@qq.com	?????????	2012-05-25 12:00
cjns1989@gmail.com	Chris Jones	2012-05-31 08:45
wangxuefu@gmail.com	??????	2012-06-01 10:35
jaurung2006@gmail.com	jaurung	2012-05-25 18:50
zoom.quiet@gmail.com	Zoom.Quiet	2012-05-29 12:50
vanicat@debian.org	Rémi Vanicat	2012-05-30 15:05
rnystrom@google.com	Bob Nystrom	2012-06-02 16:20
simoncropper@fossworkflowguides.com	Simon Cropper	2012-06-01 15:10
myfonj@gmail.com	Michal ??aplygin	2012-05-29 21:10
turnidge@google.com	Todd Turnidge	2012-05-31 17:50
heroin.nee@gmail.com	Heroin	2012-05-30 09:15
214983239@qq.com	?????????	2012-05-25 12:00
noreply@verycd.com	VeryCD 	2012-06-01 12:05
jimsgibson@gmail.com	Jim Gibson	2012-05-29 13:55
tameshwar.nirmalkar@gmail.com	tameshwar nirmalkar	2012-05-24 20:00
MBrader@internode.com.au	Michael Brader	2012-06-01 06:45
Python-list@python.org	Python-list@python.org	2012-06-02 03:05
rosuav@gmail.com	Chris Angelico	2012-06-02 03:20
zx9597446@gmail.com	zhang xinli	2012-06-01 12:30
darrellpf@gmail.com	darrell pfeifer	2012-05-30 05:40
ship-confirm@amazon.cn	Amazon.cn	2012-05-24 21:10
steven@nchc.org.tw	Steven Shiau	2012-05-30 20:30
422125725@qq.com	?????????	2012-05-25 12:00
teg@jklm.no	Tom Gundersen	2012-06-02 07:15
b4c513691@g-b0d.1pkl.info	noreply@geekpark.net	2012-05-25 22:20
fritzophrenic@gmail.com	Ben Fritz	2012-06-02 06:50
sphinx-dev@googlegroups.com	sphinx-dev	2012-05-31 11:30
ager@google.com	Mads Ager	2012-05-29 16:15
roberto.alsina@gmail.com	ralsina	2012-05-31 20:55
andrew.jr.neil@gmail.com	Drew Neil	2012-05-27 18:00
sammccall@google.com	Sam McCall	2012-06-02 16:20
chen.bill.bill@gmail.com	Bill Chen (CHEN, Zhechuan)	2012-05-25 19:45
sh@lutzhaase.com	Sven-Hendrik Haase	2012-06-01 17:40
barnesandnoble@m.bn.com	Barnes & Noble	2012-06-02 01:50
python-list@python.org	comp . lang . python	2012-06-02 07:45
richard.emberson@gmail.com	richard emberson	2012-05-27 12:55
listarmingstar@gmail.com	zhang listar	2012-06-01 09:25
pastrana.lorenzo@gmail.com	Lorenzo Pastrana	2012-05-28 00:55
yulelani@gmail.com	NullTerminator	2012-05-29 13:10
ashimtron@gmail.com	Ashim Acharya	2012-06-01 08:45
jmesserly@google.com	John Messerly	2012-06-02 07:10
numbchild@gmail.com	numb child	2012-06-02 22:40
robert.okeefe@gmail.com	Robert O'Keefe	2012-06-01 03:30
t-qq-com@qq.com	????????????	2012-05-24 18:10
635664021@qq.com	?????????	2012-05-25 12:00
floitsch@google.com	Florian Loitsch	2012-05-24 20:35
r.kendal@gmail.com	kendal	2012-05-26 03:30
sachiel2014@gmail.com	Sergi Pons Freixes	2012-06-01 03:40
dominique.pelle@gmail.com	Dominique Pellé	2012-06-02 12:20
vim@benizi.com	Benjamin R. Haskell	2012-05-30 17:00
chou.marcus@gmail.com	Marcus Zy	2012-05-28 11:20
woofie@archlinux.us	Petr Wolf	2012-05-31 23:05
hongying0@gmail.com	hy	2012-05-28 10:50
vim@vim.org	vim@vim.org	2012-05-26 17:45
scott@smedleyfamily.net	Scott	2012-06-01 11:40
kenslaterpa@gmail.com	Ken Slater	2012-05-25 19:20
798796377@qq.com	?????????	2012-05-25 12:00
pfdubois@gmail.com	Paul Dubois	2012-05-26 00:45
free.winger@gmail.com	???????? freewinger	2012-05-31 19:20
p4jako@googlemail.com	jako	2012-06-01 00:55
prujohn@gmail.com	John Evans	2012-06-02 06:30
reply+i-4779086-3aa32f281ec3cb662c2b6cb611d2c737f3409eaf-378699@reply.github.com	Greg Sexton	2012-06-02 18:50
info@opendesktop.org	GNOME-Look.org	2012-06-02 22:40
simon.lindholm10@gmail.com	Simon Lindholm	2012-06-02 01:25
rcoops@gmail.com	Rob Coops	2012-05-31 20:05
butler.matthew@gmail.com	Matthew Butler	2012-06-02 03:45
yakushev.alex@gmail.com	Alexander Yakushev	2012-05-25 14:20
JimSGibson@gmail.com	Jim Gibson	2012-05-31 08:45
antonm@google.com	Anton Muhin	2012-06-02 05:50
raphael.japh@gmail.com	raphael()	2012-05-28 23:15
alferpal@gmail.com	Alexandre Ferrando	2012-06-01 17:55
andyrtr@archlinux.org	Andreas Radke	2012-05-30 04:05
jeff.klukas@gmail.com	Jeff	2012-05-26 00:45
337164011@qq.com	?????????	2012-05-25 12:00
JSmith.email2009@gmail.com	Comments on: ???????????????	2012-05-28 06:05
jpkotta@gmail.com	Jonathan Kotta	2012-05-30 01:30
matteo@matteolandi.net	Matteo Landi	2012-06-02 21:35
albertattard@gmail.com	Albert Attard	2012-06-01 01:20
445770328@qq.com	???????????????	2012-05-25 12:00
moscartong@gmail.com	Oscar Tong	2012-05-25 14:15
c.nehren/beginners@shadowcat.co.uk	Chris Nehren	2012-06-01 09:05
am2qa@virginia.edu	Ashwin Raghav Mohan Ganesh	2012-05-25 03:55
colmsloan@gmail.com	Colm Sloan	2012-06-01 18:40
iamtianyuan@gmail.com	tian yuan	2012-05-29 19:35
bluewind@xinu.at	Florian Pritz	2012-05-27 18:25
noreply@projecteuler.net	euler	2012-06-01 14:25
hezhit@gmail.com	Zhitong He	2012-05-26 21:10
ysw2211@gmail.com	Yu-Shan Wang	2012-05-31 07:40
python@mrabarnett.plus.com	MRAB	2012-06-02 20:20
hongruiqi@gmail.com	Ruiqi Hong	2012-05-29 21:25
nweiz@google.com	Nathan Weizenbaum	2012-06-01 18:05
jk@zognet.com	Gerald Klein	2012-06-02 17:40
c.nicolas@gmail.com	Cyprien Nicolas	2012-05-27 21:30
rtimon@gmail.com	Ruudjah	2012-05-29 20:00
rob.dixon@gmx.com	Rob Dixon	2012-06-01 16:00
felciano@gmail.com	Ramon	2012-05-26 01:50
python.list@tim.thechases.com	Tim Chase	2012-06-02 21:35
webinar@pfgchina.com	PFGBEST	2012-05-29 12:15
prakash.stack@gmail.com	prakash jp	2012-06-01 18:15
rbwohlfarth@gmail.com	Robert Wohlfarth	2012-05-25 22:15
benj.fredrick@gmail.com	Benj Fredrick	2012-06-02 02:40
dog@bluezoo.org	Chris Burdess	2012-05-25 23:30
ethan@stoneleaf.us	Ethan Furman	2012-06-02 21:35
quanta.linux@gmail.com	quanta	2012-05-30 16:25
onixie@gmail.com	Nixie O	2012-05-31 08:40
jianshi.huang@gmail.com	Jianshi Huang	2012-05-30 23:00
techabc@gmail.com	techabc	2012-05-29 14:41
xgdgsc@gmail.com	GSC	2012-06-02 17:45
1142276615@qq.com	?????????	2012-05-25 12:00
paul@aptanet.com	Paul Tansom	2012-06-02 05:40
vim@tim.thechases.com	Tim Chase	2012-06-01 18:20
antoine.mechelynck@gmail.com	Tony Mechelynck	2012-06-02 11:45
nac@sanger.ac.uk	nathalie	2012-05-31 20:10
ed-vim@edgewood.to	Ed Blackman	2012-05-30 06:25
petermarshall53@gmail.com	Coder Pete	2012-05-30 04:50
348284894@qq.com	??????	2012-05-25 12:00
512552340@qq.com	?????????	2012-05-25 12:00
tvorba.webu.havirov.karvina@gmail.com	Firebug	2012-05-25 21:10
telegraph@gmx.net	Gregor Zattler	2012-05-29 21:16
mutt-users@mutt.org	Mutt Mailingliste	2012-06-02 04:50
abe@deuxchevaux.org	Axel Beckert	2012-05-28 19:00
chaishushan@gmail.com	chai2010	2012-05-30 17:10
ulrich.eckhardt@dominolaser.com	Ulrich Eckhardt	2012-06-01 16:25
cheekybuddha@gmail.com	cheekybuddha	2012-06-02 06:00
digest-noreply@quora.com	Quora Weekly Digest	2012-05-31 05:40
dhasenan@google.com	Christopher Wright	2012-05-31 05:20
clp2@rebertia.com	Chris Rebert	2012-06-02 03:35
narcomacoder@gmail.com	Väinö Leppänen	2012-05-31 15:55
awu.awa@gmail.com	Yang	2012-05-29 14:30
pablogipi@gmail.com	Pablo Giménez	2012-06-01 22:00
matt.mailinglists@gmail.com	Matt	2012-05-31 05:25
don.j.olmstead@gmail.com	Don Olmstead	2012-06-01 14:40
jakob.wadsager@gmail.com	Jakob Wadsager	2012-05-26 03:45
spacephys@gmail.com	Shawn	2012-06-02 06:45
jakob.gruber@gmail.com	Jakob Gruber	2012-05-30 16:15
kayofori@gmail.com	Kwaku Addo Ofori	2012-05-27 03:40
nobody@archlinux.org	Arch Linux Forums Mailer	2012-05-29 20:00
marco-oweber@gmx.de	Marc Weber	2012-06-02 07:10
misc@dartlang.org	General Dart Discussion	2012-06-02 16:20
xing.zhang.programming@gmail.com	xing	2012-06-01 13:50
jelle@vdwaa.nl	Jelle van der Waa	2012-05-29 19:40
lewgun@gmail.com	??????????	2012-05-29 12:40
ag4ve.us@gmail.com	shawn wilson	2012-05-25 20:10
rogerb@rogerbinns.com	Roger Binns	2012-06-01 22:50
chris@chrislott.org	Chris Lott	2012-05-28 01:50
pengyu.ut@gmail.com	Peng Yu	2012-05-31 11:30
ahe@google.com	Peter Ahé	2012-06-02 00:25
pavel.smile.80@gmail.com	????? ?????????	2012-05-25 18:25
krishnamoorthy.cognizant@gmail.com	Krishnamoorthy Cognizant	2012-05-26 23:30
seblu@seblu.net	Seblu	2012-06-01 05:00
rickywu1113@gmail.com	Ricky	2012-05-29 19:25
killshot91@gmail.com	Steve Edwards	2012-06-02 07:45
devoncarew@google.com	Devon Carew	2012-05-31 03:35
bjo@nord-west.org	Bjoern Franke	2012-05-25 22:25
alansyoungiii@gmail.com	HarleyPig	2012-05-31 02:15
tmhedberg@gmail.com	Taylor Hedberg	2012-05-30 02:25
dwrdx5@gmail.com	Edward	2012-05-26 17:45
muranov@math.univ-toulouse.fr	Alexey	2012-06-02 11:20
lists@fullcirclemagazine.org	Full Circle Magazine	2012-06-02 01:35
641849222@qq.com	??????	2012-05-25 12:00
news@linkedin.com	LinkedIn Today	2012-05-29 23:20
degenesdal@gmail.com	John Degen	2012-05-25 17:45
nihilhill@gmail.com	Bastien Dejean	2012-05-29 17:30
vim-dev@vim.org	vim-dev Mailingliste	2012-06-02 21:05
sjbenner@gmail.com	Josh Benner	2012-06-02 03:35
uri@stemsystems.com	Uri Guttman	2012-05-29 13:30
bazianm@hotmail.com	bazianm	2012-06-01 20:30
awesome@naquadah.org	awesome	2012-05-30 21:55
lisaev@umail.iu.edu	Leonid Isaev	2012-05-30 05:15
mailtodet@googlemail.com	Dirk Detering	2012-06-02 16:20
robert.bu@gmail.com	Robert Bu	2012-05-31 10:40
usenet@koralatov.com	Koralatov	2012-05-24 18:25
544704664@qq.com	?????????	2012-05-25 12:00
tobias.powalowski@googlemail.com	Tobias Powalowski	2012-06-01 17:50
worldblackstar@gmail.com	Ethical Hacking Tutorials |...	2012-05-28 06:30
bisson@archlinux.org	Gaetan Bisson	2012-05-30 07:15
manuel.messerer@gmail.com	Calamitous	2012-05-26 01:55
jon4syth@gmail.com	Jon Forsyth	2012-06-01 16:00
1127642724@qq.com	?????????	2012-05-25 12:00
webmaster@talk.maemo.org	maemo.org - Talk	2012-05-28 12:35
sgovindachar@yahoo.com	Suresh Govindachar	2012-05-27 22:20
younger.x.shen@gmail.com	younger.shen	2012-05-28 11:35
monax.tinycode@gmail.com	monax	2012-06-01 14:55
justinfagnani@google.com	Justin Fagnani	2012-05-25 05:30
branflake2267@gmail.com	Brandon Donnelson	2012-06-02 14:00
n.akr.akiiya@gmail.com	Xiaofeng Yang	2012-05-30 22:10
frazzmatabfd@gmail.com	Ken Furff	2012-05-31 07:40
karol.blazewicz@gmail.com	Karol Blazewicz	2012-05-31 04:50
ceasar.sun@gmail.com	Ceasar Sun	2012-05-30 20:40
958051600@qq.com	??????	2012-05-25 12:00
shawnhcorey@gmail.com	Shawn H Corey	2012-06-01 09:30
l.jirkovsky@gmail.com	Luká¨ Jirkovský	2012-06-02 20:15
tjreedy@udel.edu	Terry Reedy	2012-06-02 21:35
fedelogy@gmail.com	Federico Bruni	2012-05-26 01:50
member@news.vimeo.com	Vimeo	2012-05-26 03:20
569040931@qq.com	?????????	2012-05-25 12:00
mat.liutos@gmail.com	Liutos	2012-05-30 10:40
kabie2011@gmail.com	Kabie	2012-05-28 11:25
potoms.jan@gmail.com	Jan	2012-05-25 03:45
qihangzp@gmail.com	qihang zhang	2012-05-30 09:40
invalid@pizzashack.org	Derek Martin	2012-05-26 02:05
corey@octayn.net	Corey Richardson	2012-06-02 03:15
eeweir@bellsouth.net	Eric Weir	2012-05-28 19:35
gbracha@google.com	Gilad Bracha	2012-06-01 01:40
bonelake@gmail.com	Brad Miller	2012-05-29 12:00
minux.ma@gmail.com	minux	2012-05-30 16:10
earnie@users.sourceforge.net	Earnie Boyd	2012-06-02 00:15
google01239@rainslide.net	Paul	2012-06-01 18:31
grobmeier@gmail.com	Christian Grobmeier	2012-05-30 05:20
ingeniware@gmail.com	Sergey Manucharian	2012-06-01 00:00
google@springtimesoftware.com	david352	2012-06-02 06:15
customer_service@cs.amazon.cn	?????????	2012-05-28 04:15
davidsorkovsky@hotmail.com	David Sorkovsky	2012-05-30 09:35
m@xbra.de	Maximilian Bräutigam	2012-05-25 16:40
cblists@256bit.org	Christian Brabandt	2012-06-02 21:05
updates@linkedin.com	LinkedIn Updates	2012-06-01 08:05
artafinde@gmail.com	Leonidas Spyropoulos	2012-05-31 15:35
frgroccia@gmail.com	FGr	2012-05-24 22:55
vsm@google.com	Vijay Menon	2012-06-02 05:50
orasnita@gmail.com	Octavian Rasnita	2012-06-01 23:20
mikespook@gmail.com	Xing Xing	2012-05-28 11:20
noreply@quora.com	Quora	2012-05-24 12:30
cyd@cydward.com	Cyd	2012-05-29 21:10
root@stardiviner-lenovol	Cron Daemon	2012-05-29 11:42
rodrigorivascosta@gmail.com	Rodrigo Rivas	2012-05-25 18:15
jjosh@google.com	Josh Gargus	2012-05-25 03:55
garyjohn@spocom.com	Gary Johnson	2012-06-01 13:40
biru.ionut@gmail.com	Ionu?? Bîru	2012-05-26 01:30
action@ifttt.com	ifttt action	2012-05-30 01:55
angvp@archlinux.org	Angel Velásquez	2012-05-24 20:25
financecoding@gmail.com	financeCoding	2012-06-01 01:35
fabiofz@gmail.com	Fabio Zadrozny	2012-06-02 08:30
danrubel@google.com	Daniel Rubel	2012-05-31 01:30
registo.mailling@gmail.com	Mauro Santos	2012-05-25 18:05
lamialily@cleverpun.com	Temia Eszteri	2012-06-02 11:30
ingo.rieping@googlemail.com	Ingo Rieping	2012-05-25 21:05
brotheris@gmail.com	Vytautas Stankevi??ius	2012-05-25 22:55
amacdonald@cgsinc.ca	Allan MacDonald	2012-05-30 08:15
990758571@qq.com	??????	2012-05-25 12:00
cuihao.leo@gmail.com	???? (CUI Hao)	2012-05-25 18:10
psychon@znc.in	Uli Schlachter	2012-05-30 16:25
1398640585@qq.com	??????	2012-05-25 12:00
jbiskofski@gmail.com	jbiskofski	2012-06-01 07:35
mutt-users@veggiechinese.net	William Yardley	2012-05-30 16:55
steve+comp.lang.python@pearwood.info	Steven D'Aprano	2012-06-02 11:10
songpingemail@gmail.com	ping	2012-06-01 02:35
jmaney@adknowledge.com	Jack Maney	2012-05-30 04:40
1061194473@qq.com	?????????	2012-05-25 12:00
409749648@qq.com	?????????	2012-05-25 12:00
ma1l1ists@yahoo.co.uk	Kevin Chadwick	2012-06-02 08:10
bybzmt@gmail.com	????????????	2012-05-31 20:35
Christopher.Gray@talktalk.net	Christopher Gray	2012-05-26 21:15
nowindlee@gmail.com	Freewind	2012-06-02 16:20
p.nikolic1@btinternet.com	P .NIKOLIC	2012-05-31 21:40
glacjay@gmail.com	Jay True	2012-05-26 11:15
ysh.pesit19@gmail.com	ysh ln	2012-05-25 13:43
ike.devolder@gmail.com	Ike Devolder	2012-06-02 17:25
sethladd@google.com	Seth Ladd	2012-06-02 05:50
343099936@qq.com	?????????	2012-05-25 12:00
ruopan@gmail.com	Hongwei Jin	2012-05-28 10:35
raspian.belouchi@gmail.com	Raspian Belouchi	2012-05-28 08:15
markh@abemblem.com	Mark Haney	2012-06-01 21:25
newsletter1@360buy.com	??????????????????	2012-05-30 02:00
firebug@googlegroups.com	Firebug	2012-06-02 01:05
Dave.Kechour@tollgroup.com	Dave Kechour	2012-05-30 02:25
sinbad.sinbad@gmail.com	sinbad	2012-06-01 17:05
1037789458@qq.com	?????????	2012-05-25 12:00
viarmx86@gmail.com	William Fugy	2012-05-28 09:40
xell.liu@gmail.com	Xell Liu	2012-05-28 08:20
wasserman.louis@gmail.com	Louis Wasserman	2012-05-29 20:00
corky1951@comcast.net	Charlie Kester	2012-05-29 11:55
654754082@qq.com	??????	2012-05-25 12:00
pquitslund@google.com	Phil Quitslund	2012-05-25 03:55
ch.esperado@libertysurf.fr	Christophe Esperado	2012-06-01 18:55
vegorov@google.com	Vyacheslav Egorov	2012-06-01 15:20
solstice.dhiver@gmail.com	solsTiCe d'Hiver	2012-06-02 17:35
i.caught.air@gmail.com	Alex Belanger	2012-05-24 20:15
schott.brian@gmail.com	Brian Schott	2012-05-30 06:25
drankinatty@suddenlinkmail.com	David C. Rankin	2012-06-02 14:00
adams787@msn.com	Adams Paul	2012-05-27 14:05
foryou1911@gmail.com	Dimitris Papageorgiou	2012-05-30 17:45
549148763@qq.com	?????????	2012-05-25 12:00
freek@macfreek.nl	Freek Dijkstra	2012-05-25 08:05
haoqis@gmail.com	qis hao	2012-05-31 00:50
odvarko@gmail.com	Jan Honza Odvarko	2012-06-02 01:05
595696730@qq.com	?????????	2012-05-25 12:00
vasyl.bilokon@gmail.com	Vasyl	2012-05-28 23:20
2teezperl@gmail.com	timothy adigun	2012-05-26 17:00
fvwm@fvwm.org	fvwm	2012-05-25 06:10
konstantin.solomatov@gmail.com	Konstantin Solomatov	2012-06-01 01:40
mirimiri66@gmail.com	mirmir	2012-05-25 00:45
redtux1@googlemail.com	Mike Martin	2012-06-01 20:10
vvakame@gmail.com	vvakame	2012-05-31 17:50
malte.detlefsen@gmx.de	Malte Detlefsen	2012-06-02 04:50
olingcat@gmail.com	Oling Cat	2012-06-01 10:25
stevenfrog@gmail.com	stevenfrog	2012-06-01 22:55
569923070@qq.com	??????	2012-05-25 12:00
newsletter@fanxian.163.com	????????????	2012-05-29 16:40
forum@linuxquestions.org	forum@linuxquestions.org	2012-06-01 13:45
habamax@gmail.com	Maxim Kim	2012-05-25 22:05
626529227@qq.com	?????????	2012-05-25 12:00
pdgiddie@gmail.com	Paul Gideon Dann	2012-06-01 16:55
thomas@fvwm.org	Thomas Adam	2012-05-29 21:25
no@no.com	Qi	2012-06-02 03:00
reply+i-2988959-aa07d847ac8c8725549b6b09963a68510d486ef6-378699@reply.github.com	Daniel Hahler	2012-05-27 01:10
982165640@qq.com	??????	2012-05-25 12:00
eloi@roquesor.com	Walter Alejandro Iglesias	2012-05-30 04:35
goodmenzy@gmail.com	Brock Zheng	2012-05-29 22:05
beginners@perl.org	Beginners List	2012-06-01 23:20
kevmoo@j832.com	Kevin Moore	2012-06-02 02:30
John.B.Little@gmail.com	John Little	2012-05-26 19:40
roycomfort@googlemail.com	royzie	2012-05-31 14:10
arch-dev-public@archlinux.org	Public mailing list for Arc...	2012-05-27 18:25
celticmadman@gmail.com	Patrick Burroughs	2012-05-30 10:55
BarnesandNoble@m.bn.com	NOOK by Barnes & Noble	2012-06-02 17:20
mike@redtux.org.uk	Mike Martin	2012-06-01 20:05
do-not-reply@stackexchange.com	Stack Exchange	2012-06-02 01:40
fan.howard@gmail.com	fango	2012-05-31 14:05
autopost@baidu.com	baidu	2012-05-30 21:20
958857087@qq.com	?????????	2012-05-25 12:00
asiva@google.com	Siva Annamalai	2012-06-02 03:45
polux@google.com	Paul Brauner	2012-05-29 20:00
291032743@qq.com	??????	2012-05-25 12:00
369756949@qq.com	??????	2012-05-25 12:00
simputest@gmail.com	Dan Craft	2012-05-29 22:45
an0n1m0us@gmail.com	pd	2012-05-26 17:00
bpj@melroch.se	BPJ	2012-05-28 03:05
1005342805@qq.com	?????????	2012-05-25 12:00
panovr@gmail.com	Yili Zhao	2012-05-29 15:55
158075810@qq.com	??????	2012-05-25 12:00
listmail.ayendesigns@gmail.com	Jeff Greenberg	2012-06-02 11:00
sebastianzartner@gmx.de	Sebo	2012-05-29 22:23
nalaginrut@gmail.com	Nala Ginrut	2012-05-28 13:00
mailcwc@gmail.com	oversky	2012-06-01 13:55
reply+i-4764859-e0696274f05e6133227f5584f1a635fd73d6b225-378699@reply.github.com	Tom Link	2012-05-30 02:35
chrisbuckett@gmail.com	Chris Buckett	2012-05-30 14:25
paul.domaskis@gmail.com	Paul	2012-05-24 23:40
stu.andrews@gmail.com	Stu	2012-05-25 05:05
dgrove@google.com	Dan Grove	2012-06-02 03:45
123498712@qq.com	?????????	2012-05-25 12:00
fvwm@castle.fastmail.fm	Travis P	2012-05-29 21:25
charley@pulsenet.com	Chris Charley	2012-05-27 08:00
eric@codesmithtools.com	Eric J. Smith	2012-05-26 08:55
isoos@google.com	Istvan Soos	2012-06-01 15:20
dominich@google.com	dominic	2012-06-02 00:30
Viktor.Haag@desire2learn.com	Viktor Haag	2012-05-29 20:40
lisp-cn@googlegroups.com	Lisp-cn(Lisp??????????)	2012-05-30 01:45
ye.laputa@gmail.com	laputa	2012-05-31 21:55
mr.masterplan@gmail.com	Mr Masterplan	2012-05-28 16:45
jhsachs@jhsachs.com	jhsachs -- account management	2012-06-02 03:00
sebastianzartner@googlemail.com	Sebastian Zartner	2012-06-02 01:45
grfz@gmx.de	Gregor Zattler	2012-05-30 21:55
ywu.chn@gmail.com	potato	2012-05-29 13:05
ralf.mardorf@alice-dsl.net	Ralf Mardorf	2012-05-31 23:40
drchip@campbellfamily.biz	Charles E Campbell Jr	2012-05-29 12:55
bob@vknobloch.de	Bob von Knobloch	2012-05-25 17:20
shinyang.cn@gmail.com	Shin	2012-05-30 01:45
1093704689@qq.com	??????2	2012-05-25 12:00
seaneagan1@gmail.com	Sean Eagan	2012-06-02 00:25
es@fruitcom.com	Eric Smith	2012-05-31 03:10
daniele.varrazzo@gmail.com	Daniele Varrazzo	2012-06-01 20:10
u1mail2me@gmail.com	?????????	2012-06-01 10:35
ladicek@gmail.com	Ladislav Thon	2012-06-02 03:25
mysatyre@gmail.com	Martti Kühne	2012-05-31 02:55
genehack@genehack.org	John SJ Anderson	2012-06-01 23:20
john.37@gmail.com	John Luk	2012-05-28 11:05
sullivan.kevinj@gmail.com	Kevin Sullivan	2012-05-25 03:55
vim@noid.net	Tor Perkins	2012-06-02 11:45
tux2live@googlegroups.com	Tux2live	2012-05-30 20:40
smok@google.com	Roman Shuvaev	2012-05-24 20:35
milde@users.sf.net	Guenter Milde	2012-05-31 18:40
justappsoft@googlemail.com	Alex Xu	2012-05-29 12:50
ross.m.smith@googlemail.com	Ross Smith	2012-06-02 11:20
groups-noreply@linkedin.com	Black Hat	2012-05-31 02:55
lists@baums-on-web.de	Heiko Baums	2012-05-26 03:55
416696197@qq.com	??????	2012-05-25 12:00
a.oezcan87@googlemail.com	Ali Özcan	2012-05-26 05:10
vim_use@googlegroups.com	vim-use Mailingliste	2012-06-02 20:10
63879927@qq.com	??????	2012-05-25 12:00
donjuansjiz@gmail.com	Don deJuan	2012-05-31 23:30
aaron.toponce@gmail.com	Aaron Toponce	2012-05-26 00:56
mediapathic@gmail.com	steen	2012-05-24 19:05
www-data@town-02.modwest.com	www-data	2012-05-25 22:25
jottkaerr@googlemail.com	Jürgen Krämer	2012-06-01 13:50
davidgshi@yahoo.co.uk	David Shi	2012-06-02 03:10
mcjvanschaik@gmail.com	Michael van Schaik	2012-06-02 06:45
rvtol+usenet@isolution.nl	Dr.Ruud	2012-05-28 09:15
aaron678@gmail.com	Aaron Bohannon	2012-06-02 23:00
chrisbuckett@gmail.com	Chris Buckett	2012-06-02 23:20
1310308608@qq.com	1310308608	2012-06-03 00:20
253997437@qq.com	????·????	2012-06-03 00:20
beginners@perl.org	Beginners List	2012-06-03 00:20
bills@ezinvoice.com	Bill Stephenson	2012-06-03 00:20
beginners@perl.org	Beginners Beginners	2012-06-03 00:25
vim_use@googlegroups.com	vim-use Mailingliste	2012-06-03 00:40
cjns1989@gmail.com	Chris Jones	2012-06-03 00:40
vim_use@googlegroups.com	vim_use	2012-06-03 00:45
spacephys@gmail.com	Shawn	2012-06-03 00:45
wlfraed@ix.netcom.com	Dennis Lee Bieber	2012-06-03 00:50
arch-general@archlinux.org	General Discussion about Ar...	2012-06-03 01:00
myra.nelson@hughes.net	Myra Nelson	2012-06-03 01:00
shawnhcorey@gmail.com	Shawn H Corey	2012-06-03 01:00
an0n1m0us@gmail.com	pd	2012-06-03 01:05
bills@ezinvoice.com	Bill Stephenson	2012-06-03 01:15
1911que@gmail.com	Omega -1911	2012-06-03 01:15
beginners@perl.org	Beginners List	2012-06-03 01:15
arch-general@archlinux.org	General Discussion about Ar...	2012-06-03 01:30
drankinatty@suddenlinkmail.com	David C. Rankin	2012-06-03 01:30
1911que@gmail.com	Omega -1911	2012-06-03 01:35
bills@ezinvoice.com	Bill Stephenson	2012-06-03 01:35
beginners@perl.org	Beginners List	2012-06-03 01:35
smangold@columbus.rr.com	Susan Mangold	2012-06-03 01:40
allahbakash2@gmail.com	ALLAHBAKASH ALLAHBAKASH	2012-06-03 02:00
smangold@columbus.rr.com	Susan Mangold	2012-06-03 02:00
c.nehren/beginners@shadowcat.co.uk	Chris Nehren	2012-06-03 02:45
shawnhcorey@gmail.com	Shawn H Corey	2012-06-03 02:50
gelonida@gmail.com	Gelonida N	2012-06-03 02:55
david@hartster.org	DTH	2012-06-03 02:55
shawnhcorey@gmail.com	Shawn H Corey	2012-06-03 02:55
jk@zognet.com	Gerald Klein	2012-06-03 03:00
c.nehren/beginners@shadowcat.co.uk	Chris Nehren	2012-06-03 03:00
vim_use@googlegroups.com	vim-use Mailingliste	2012-06-03 03:05
cblists@256bit.org	Christian Brabandt	2012-06-03 03:05
shawnhcorey@gmail.com	Shawn H Corey	2012-06-03 03:05
shawnhcorey@gmail.com	Shawn H Corey	2012-06-03 03:10
bills@ezinvoice.com	Bill Stephenson	2012-06-03 03:10
shawnhcorey@gmail.com	Shawn H Corey	2012-06-03 03:10
bills@ezinvoice.com	Bill Stephenson	2012-06-03 03:10
deets@web.de	Diez B. Roggisch	2012-06-03 03:15
deets@web.de	Diez B. Roggisch	2012-06-03 03:15
no@no.com	Qi	2012-06-03 03:15
c.nehren/beginners@shadowcat.co.uk	Chris Nehren	2012-06-03 03:20
bv8bv8bv8@gmail.com	BV BV	2012-06-03 03:20
azatek0@gmail.com	Aza Tek	2012-06-03 03:25
beginners@perl.org	Beginners List	2012-06-03 03:30
bills@ezinvoice.com	Bill Stephenson	2012-06-03 03:30
jk@zognet.com	Gerald Klein	2012-06-03 03:30
shawnhcorey@gmail.com	Shawn H Corey	2012-06-03 03:30
arch-general@archlinux.org	General Discussion about Ar...	2012-06-03 03:35
jdashiel@shellworld.net	Jude DaShiell	2012-06-03 03:35
prujohn@gmail.com	John Evans	2012-06-03 04:10
prujohn@gmail.com	John Evans	2012-06-03 04:10
firebug@googlegroups.com	Firebug	2012-06-03 04:15
star-zhoor@hotmail.com	sailor	2012-06-03 04:15
mutt-users@mutt.org	mutt-users@mutt.org	2012-06-03 04:20
Sunil.Kataria@au.unisys.com	Kataria, Sunil	2012-06-03 04:20
benbaral@gmail.com	boj	2012-06-03 04:55
python@mrabarnett.plus.com	MRAB	2012-06-03 05:25
rosuav@gmail.com	Chris Angelico	2012-06-03 05:30
support@drupal.org	support@drupal.org	2012-06-03 05:40
nan_wich@bellsouth.net	Ms. Nancy Wichmann	2012-06-03 05:40
vim_use@googlegroups.com	vim-use Mailingliste	2012-06-03 05:45
cjns1989@gmail.com	Chris Jones	2012-06-03 05:45
arch-general@archlinux.org	General Discussion about Ar...	2012-06-03 05:55
benfell@parts-unknown.org	David Benfell	2012-06-03 05:55
python@mrabarnett.plus.com	MRAB	2012-06-03 06:15
worldblackstar@gmail.com	Ethical Hacking Tutorials |...	2012-06-03 06:15
yungyuc@gmail.com	Yung-Yu Chen	2012-06-03 06:30
rosuav@gmail.com	Chris Angelico	2012-06-03 06:35
bluewind@xinu.at	Florian Pritz	2012-06-03 07:40
nan_wich@bellsouth.net	Ms. Nancy Wichmann	2012-06-03 07:45
jk@zognet.com	Gerald Klein	2012-06-03 07:45
arch-general@archlinux.org	General Discussion about Ar...	2012-06-03 07:50
allan@archlinux.org	Allan McRae	2012-06-03 07:50
vim_use@googlegroups.com	vim-use Mailingliste	2012-06-03 08:55
cjns1989@gmail.com	Chris Jones	2012-06-03 08:55
benfell@parts-unknown.org	David Benfell	2012-06-03 09:00
arch-general@archlinux.org	General Discussion about Ar...	2012-06-03 09:10
allan@archlinux.org	Allan McRae	2012-06-03 09:10
noreply@verycd.com	VeryCD 	2012-06-03 09:15
noreply@verycd.com	VeryCD 	2012-06-03 09:20
rogerb@rogerbinns.com	Roger Binns	2012-06-03 09:55
benfell@parts-unknown.org	David Benfell	2012-06-03 10:05
arch-general@archlinux.org	Archlinux	2012-06-03 10:15
drankinatty@suddenlinkmail.com	David C. Rankin	2012-06-03 10:15
wajmjjj@gmail.com	tom mario	2012-06-03 10:15
noreply@verycd.com	VeryCD 	2012-06-03 10:20
arch-general@archlinux.org	General Discussion about Ar...	2012-06-03 10:45
myra.nelson@hughes.net	Myra Nelson	2012-06-03 10:45
vim_use@googlegroups.com	vim-use Mailingliste	2012-06-03 11:25
antoine.mechelynck@gmail.com	Tony Mechelynck	2012-06-03 11:25
sammccall@google.com	Sam McCall	2012-06-03 11:25
amacdonald@cgsinc.ca	Allan MacDonald	2012-06-03 11:25
nowindlee@gmail.com	Freewind	2012-06-03 11:25
misc@dartlang.org	General Dart Discussion	2012-06-03 11:25
c.nehren/beginners@shadowcat.co.uk	Chris Nehren	2012-06-03 15:10
orasnita@gmail.com	Octavian Rasnita	2012-06-03 15:10
noreply@verycd.com	VeryCD 	2012-06-03 15:55
list@qtrac.plus.com	Mark Summerfield	2012-06-03 16:05
arch-general@archlinux.org	General Discussion about Ar...	2012-06-03 16:20
mannemerak@gmail.com	Manne Merak	2012-06-03 16:20
wlfraed@ix.netcom.com	Dennis Lee Bieber	2012-06-03 16:20
matteo@matteolandi.net	Matteo Landi	2012-06-03 16:20
bluewind@xinu.at	Florian Pritz	2012-06-03 16:20
numbchild@gmail.com	numb child	2012-06-03 16:35
info@opendesktop.org	GNOME-Look.org	2012-06-03 16:35
numbchild@gmail.com	numb child	2012-06-03 16:35
info@opendesktop.org	GNOME-Look.org	2012-06-03 16:35
sebastianzartner@googlemail.com	Sebastian Zartner	2012-06-03 16:50
arch-general@archlinux.org	General Discussion about Ar...	2012-06-03 16:55
myra.nelson@hughes.net	Myra Nelson	2012-06-03 16:55
sebastianzartner@googlemail.com	Sebastian Zartner	2012-06-03 17:10
sebastianzartner@googlemail.com	Sebastian Zartner	2012-06-03 17:50
cheekybuddha@gmail.com	cheekybuddha	2012-06-03 17:55
sebastianzartner@googlemail.com	Sebastian Zartner	2012-06-03 18:05
sebastianzartner@googlemail.com	Sebastian Zartner	2012-06-03 18:10
vim_use@googlegroups.com	vim_use	2012-06-03 18:15
sinbad.sinbad@gmail.com	sinbad	2012-06-03 18:15
cheekybuddha@gmail.com	cheekybuddha	2012-06-03 18:40
vim_use@googlegroups.com	vim_use	2012-06-03 19:05
cblists@256bit.org	Christian Brabandt	2012-06-03 19:05
arch-general@archlinux.org	General Discussion about Ar...	2012-06-03 19:10
grawity@gmail.com	Mantas Mikul??nas	2012-06-03 19:10
vim_use@googlegroups.com	vim-use Mailingliste	2012-06-03 19:35
Bram@moolenaar.net	Bram Moolenaar	2012-06-03 19:35
cblists@256bit.org	Christian Brabandt	2012-06-03 19:35
shawnhcorey@gmail.com	Shawn H Corey	2012-06-03 19:40
m@japh.se	Magnus Woldrich	2012-06-03 19:50
noreply@verycd.com	VeryCD 	2012-06-03 19:50
psychon@znc.in	Uli Schlachter	2012-06-03 20:00
psychon@znc.in	Uli Schlachter	2012-06-03 20:05
colinh@somewhere.invalid	Colin Higwell	2012-06-03 20:05
vim_use@googlegroups.com	vim_use	2012-06-03 20:45
sinbad.sinbad@gmail.com	sinbad	2012-06-03 20:45
jdashiel@shellworld.net	Jude DaShiell	2012-06-03 22:05
prujohn@gmail.com	John Evans	2012-06-03 22:05
arch-general@archlinux.org	General Discussion about Ar...	2012-06-03 22:15
leblancsebas@gmail.com	Sébastien Leblanc	2012-06-03 22:15
T.Six@gmx.de	Thilo Six	2012-06-03 22:15
cblists@256bit.org	Christian Brabandt	2012-06-03 22:25
eeweir@bellsouth.net	Eric Weir	2012-06-03 22:30
bpj@melroch.se	BPJ	2012-06-03 22:30
T.Six@gmx.de	Thilo Six	2012-06-03 22:35
psychon@znc.in	Uli Schlachter	2012-06-03 22:35
spideybr@gmail.com	Claudio Roberto França Pereira	2012-06-03 22:35
cblists@256bit.org	Christian Brabandt	2012-06-03 22:35
T.Six@gmx.de	Thilo Six	2012-06-03 22:45
mcepl@redhat.com	Matej Cepl	2012-06-03 22:50
cblists@256bit.org	Christian Brabandt	2012-06-03 22:50
root@stardiviner-lenovol	Cron Daemon	2012-06-03 23:16
root@stardiviner-lenovol	Cron Daemon	2012-06-03 23:19
firebug@googlegroups.com	Firebug	2012-06-03 23:20
odvarko@gmail.com	Jan Honza Odvarko	2012-06-03 23:20
spideybr@gmail.com	Claudio Roberto França Pereira	2012-06-03 23:20
psychon@znc.in	Uli Schlachter	2012-06-03 23:20
psychon@znc.in	Uli Schlachter	2012-06-03 23:20
spideybr@gmail.com	Claudio Roberto França Pereira	2012-06-03 23:20
firebug@googlegroups.com	Firebug	2012-06-03 23:25
odvarko@gmail.com	Jan Honza Odvarko	2012-06-03 23:25
T.Six@gmx.de	Thilo Six	2012-06-03 23:25
firebug@googlegroups.com	Firebug	2012-06-03 23:25
info@stupidtuesday.com	Larry	2012-06-03 23:25
danielhilst@gmail.com	Daniel Hilst	2012-06-03 23:30
cblists@256bit.org	Christian Brabandt	2012-06-03 23:30
cheekybuddha@gmail.com	cheekybuddha	2012-06-03 23:40
aboutme@about.me	about.me	2012-06-03 23:55
numbchild@gmail.com	stardiviner	2012-06-03 23:55
numbchild@gmail.com	stardiviner	2012-06-03 23:55
numbchild@gmail.com	stardiviner	2012-06-03 23:55
numbchild@gmail.com	stardiviner	2012-06-03 23:55
numbchild@gmail.com	stardiviner	2012-06-04 00:00
numbchild@gmail.com	stardiviner	2012-06-04 00:00
numbchild@gmail.com	stardiviner	2012-06-04 00:00
numbchild@gmail.com	stardiviner	2012-06-04 00:00
numbchild@gmail.com	stardiviner	2012-06-04 00:00
numbchild@gmail.com	stardiviner	2012-06-04 00:00
numbchild@gmail.com	stardiviner	2012-06-04 00:05
numbchild@gmail.com	stardiviner	2012-06-04 00:05
alec.taylor6@gmail.com	Alec Taylor	2012-06-04 00:10
steve+comp.lang.python@pearwood.info	Steven D'Aprano	2012-06-04 00:30
numbchild@gmail.com	numb child	2012-06-04 00:35
info@opendesktop.org	GNOME-Look.org	2012-06-04 00:35
steve+comp.lang.python@pearwood.info	Steven D'Aprano	2012-06-04 00:40
ahe@google.com	Peter Ahé	2012-06-04 01:15
don.j.olmstead@gmail.com	Don Olmstead	2012-06-04 01:15
rnystrom@google.com	Bob Nystrom	2012-06-04 01:15
eub@google.com	Eli Brandt	2012-06-04 01:15
prujohn@gmail.com	John Evans	2012-06-04 01:15
misc@dartlang.org	misc@dartlang.org	2012-06-04 01:15
ndbecker2@gmail.com	Neal Becker	2012-06-04 01:30
shawnhcorey@gmail.com	Shawn H Corey	2012-06-04 01:30
orasnita@gmail.com	Octavian Rasnita	2012-06-04 01:30
wlfraed@ix.netcom.com	Dennis Lee Bieber	2012-06-04 01:35
sphinx-dev@googlegroups.com	sphinx-dev	2012-06-04 01:40
amueller@ais.uni-bonn.de	amueller@ais.uni-bonn.de	2012-06-04 01:40
sphinx-dev@googlegroups.com	Sphinx Mailing List	2012-06-04 01:40
hunteke@gmail.com	Kevin Hunter	2012-06-04 01:40
hunteke@gmail.com	Kevin Hunter	2012-06-04 01:40
dwblas@gmail.com	David	2012-06-04 01:45
eeweir@bellsouth.net	Eric Weir	2012-06-04 01:50
danielhilst@gmail.com	Daniel Hilst	2012-06-04 01:55
orasnita@gmail.com	Octavian Rasnita	2012-06-04 01:55
beginners@perl.org	Beginners Beginners	2012-06-04 01:55
lamialily@cleverpun.com	Temia Eszteri	2012-06-04 02:05
vim_use@googlegroups.com	vim_use	2012-06-04 02:15
cjns1989@gmail.com	Chris Jones	2012-06-04 02:15
paul@pjcj.net	Paul Johnson	2012-06-04 02:20
orasnita@gmail.com	Octavian Rasnita	2012-06-04 02:20
beginners@perl.org	Beginners Beginners	2012-06-04 02:20
rogerb@rogerbinns.com	Roger Binns	2012-06-04 02:55
numbchild@gmail.com	stardiviner	2012-06-04 03:00
reply+i-4764859-e0696274f05e6133227f5584f1a635fd73d6b225-378699@reply.github.com	Colin Sullivan	2012-06-04 03:00
paul@pjcj.net	Paul Johnson	2012-06-04 03:00
beginners@perl.org	Beginners Beginners	2012-06-04 03:00
ppearson@nowhere.invalid	Peter Pearson	2012-06-04 03:30
royc@comfort-faktor.com	Roy Comfort	2012-06-04 03:30
beginners@perl.org	Beginners List	2012-06-04 03:50
bills@ezinvoice.com	Bill Stephenson	2012-06-04 03:50
milde@users.sf.net	Guenter Milde	2012-06-04 03:50
udo_hortian@web.de	Udo Hortian	2012-06-04 03:55
misc@dartlang.org	General Dart Discussion	2012-06-04 04:05
shiv.shivshankar@gmail.com	Shiv	2012-06-04 04:05
sebastianzartner@googlemail.com	Sebastian Zartner	2012-06-04 04:05
beginners@perl.org	Beginners Beginners	2012-06-04 04:20
bills@ezinvoice.com	Bill Stephenson	2012-06-04 04:20
misc@dartlang.org	General Dart Discussion	2012-06-04 04:25
forax@univ-mlv.fr	Rémi Forax	2012-06-04 04:25
sebastianzartner@googlemail.com	Sebastian Zartner	2012-06-04 04:30
shawnhcorey@gmail.com	Shawn H Corey	2012-06-04 05:00
janetcatherine.heath@gmail.com	Janet Heath	2012-06-04 05:25
misc@dartlang.org	General Dart Discussion	2012-06-04 05:30
michal.till@gmail.com	Michal Till	2012-06-04 05:30
janetcatherine.heath@gmail.com	Janet Heath	2012-06-04 05:30
alain@dpt-info.u-strasbg.fr	Alain Ketterlin	2012-06-04 05:35
martin.schoon@gmail.com	Martin Schöön	2012-06-04 05:35
rosuav@gmail.com	Chris Angelico	2012-06-04 05:40
sebastianzartner@googlemail.com	Sebastian Zartner	2012-06-04 05:40
beginners@perl.org	Beginners Beginners	2012-06-04 05:45
markh@abemblem.com	Mark Haney	2012-06-04 05:45
arch-general@archlinux.org	General Discussion about Ar...	2012-06-04 05:50
jdashiel@shellworld.net	Jude DaShiell	2012-06-04 05:50
danielhilst@gmail.com	Daniel Hilst	2012-06-04 05:55
anikevicius@gmail.com	Ignas Anikevicius	2012-06-04 05:55
lists@aero2k.de	Thorsten Sperber	2012-06-04 05:55
beginners@perl.org	Beginners Beginners	2012-06-04 06:05
orasnita@gmail.com	Octavian Rasnita	2012-06-04 06:05
janetcatherine.heath@gmail.com	Janet Heath	2012-06-04 06:10
robert.kern@gmail.com	Robert Kern	2012-06-04 06:25
python-list@python.org	comp.lang.python	2012-06-04 06:30
bahamutzero8825@gmail.com	Andrew Berg	2012-06-04 06:30
benjamin.kaplan@case.edu	Benjamin Kaplan	2012-06-04 06:30
arch-general@archlinux.org	General Discussion about Ar...	2012-06-04 06:55
p.nikolic1@btinternet.com	P .NIKOLIC	2012-06-04 06:55
arch-general@archlinux.org	General Discussion about Ar...	2012-06-04 07:00
teg@jklm.no	Tom Gundersen	2012-06-04 07:00
shawnhcorey@gmail.com	Shawn H Corey	2012-06-04 07:15
arch-general@archlinux.org	ArchLinux List	2012-06-04 07:20
fons@linuxaudio.org	Fons Adriaensen	2012-06-04 07:20
c.nehren/beginners@shadowcat.co.uk	Chris Nehren	2012-06-04 07:35
arch-general@archlinux.org	General Discussion about Ar...	2012-06-04 07:45
registo.mailling@gmail.com	Mauro Santos	2012-06-04 07:45
howardb21@gmail.com	howard Schwartz	2012-06-04 08:20
steve+comp.lang.python@pearwood.info	Steven D'Aprano	2012-06-04 08:40
vim@tim.thechases.com	Tim Chase	2012-06-04 08:55
howardb21@gmail.com	howard Schwartz	2012-06-04 08:55
lisaev@umail.iu.edu	Leonid Isaev	2012-06-04 09:45
noreply@verycd.com	VeryCD 	2012-06-04 10:05
noreply@verycd.com	VeryCD 	2012-06-04 10:10
hi@mail.huaban.com	?????????	2012-06-04 10:25
noreply@verycd.com	VeryCD 	2012-06-04 10:45
pangj@riseup.net	pangj	2012-06-04 11:10
vim_use@googlegroups.com	vim_use	2012-06-04 11:20
vlad.irnov@gmail.com	Vlad Irnov	2012-06-04 11:20
steve+comp.lang.python@pearwood.info	Steven D'Aprano	2012-06-04 11:50
wrw@mac.com	William R. Wing (Bill Wing)	2012-06-04 11:50
janetcatherine.heath@gmail.com	Janet Heath	2012-06-04 12:10
janetcatherine.heath@gmail.com	Janet Heath	2012-06-04 12:15
fritzophrenic@gmail.com	Ben Fritz	2012-06-04 12:20
misc@dartlang.org	General Dart Discussion	2012-06-04 12:25
ahe@google.com	Peter Ahé	2012-06-04 12:25
webmaster@talk.maemo.org	maemo.org - Talk	2012-06-04 12:35
webmaster@talk.maemo.org	maemo.org - Talk	2012-06-04 12:35
arch-general@archlinux.org	General Discussion about Ar...	2012-06-04 12:50
b@bpiotrowski.pl	Bart??omiej Piotrowski	2012-06-04 12:50
misc@dartlang.org	General Dart Discussion	2012-06-04 12:55
istvan.soos@gmail.com	Istvan Soos	2012-06-04 12:55
beginners@perl.org	Beginners List	2012-06-04 12:55
perlpra@gmail.com	Perl Pra	2012-06-04 12:55
janetcatherine.heath@gmail.com	Janet Heath	2012-06-04 12:55
clp2@rebertia.com	Chris Rebert	2012-06-04 12:55
benjamin.kaplan@case.edu	Benjamin Kaplan	2012-06-04 13:15
shimizukawa@gmail.com	Takayuki Shimizukawa	2012-06-04 13:20
ywu.chn@gmail.com	potato	2012-06-04 13:20
ywu.chn@gmail.com	potato	2012-06-04 13:20
wolfkin.chiang@gmail.com	Wolfkin Chiang	2012-06-04 13:25
pangj@riseup.net	pangj	2012-06-04 13:45
ron.eggler@inetgate.ca	Ron Eggler	2012-06-04 14:00
mat.liutos@gmail.com	Liutos	2012-06-04 14:05
jianshi.huang@gmail.com	Jianshi Huang	2012-06-04 14:10
donald@fane.com	Don Pickerel	2012-06-04 14:25
ron.eggler@inetgate.ca	Ron Eggler	2012-06-04 14:25
p.nikolic1@btinternet.com	P .NIKOLIC	2012-06-04 14:35
gour@atmarama.net	Gour	2012-06-04 14:50
gour@atmarama.net	Gour	2012-06-04 14:55
lakbay.taodev@gmail.com	tata dano	2012-06-04 15:10
ron.eggler@inetgate.ca	Ron Eggler	2012-06-04 15:10
allahbakash2@gmail.com	ALLAHBAKASH ALLAHBAKASH	2012-06-04 15:30
arch-general@archlinux.org	General Discussion about Ar...	2012-06-04 15:45
ngoonee.talk@gmail.com	Oon-Ee Ng	2012-06-04 15:45
misc@dartlang.org	General Dart Discussion	2012-06-04 15:50
ahe@google.com	Peter Ahé	2012-06-04 15:50
misc@dartlang.org	General Dart Discussion	2012-06-04 15:50
sudison@gmail.com	edison	2012-06-04 15:50
python-list@python.org	python-list	2012-06-04 16:05
1248283536@qq.com	????????	2012-06-04 16:05
michel@ziobuddalabs.it	D. Michel Morelli	2012-06-04 16:15
corey@octayn.net	Corey Richardson	2012-06-04 16:15
zhxia@njnet.edu.cn	Xia	2012-06-04 16:30
list@qtrac.plus.com	Mark Summerfield	2012-06-04 16:30
John.B.Little@gmail.com	John Little	2012-06-04 16:35
howardb21@gmail.com	Howard Schwartz	2012-06-04 16:35
shiv.shivshankar@gmail.com	Shiv	2012-06-04 16:55
antonm@google.com	Anton Muhin	2012-06-04 16:55
misc@dartlang.org	General Dart Discussion	2012-06-04 16:55
python-list@python.org	Python User	2012-06-04 17:20
kushal.kumaran+python@gmail.com	Kushal Kumaran	2012-06-04 17:20
firebug@googlegroups.com	Firebug	2012-06-04 17:25
roycomfort@googlemail.com	royzie	2012-06-04 17:25
info@bridgepub.com	Bridge Publications, Inc.	2012-06-04 17:35
vsm@google.com	Vijay Menon	2012-06-04 18:00
antonm@google.com	Anton Muhin	2012-06-04 18:00
sethladd@google.com	Seth Ladd	2012-06-04 18:00
prujohn@gmail.com	John Evans	2012-06-04 18:00
p.nikolic1@btinternet.com	P .NIKOLIC	2012-06-04 18:00
arch-general@archlinux.org	General Discussion about Ar...	2012-06-04 18:10
teg@jklm.no	Tom Gundersen	2012-06-04 18:10
sudison@gmail.com	edison	2012-06-04 18:25
antonm@google.com	Anton Muhin	2012-06-04 18:25
misc@dartlang.org	General Dart Discussion	2012-06-04 18:25
support@drupal.org	support@drupal.org	2012-06-04 18:50
nan_wich@bellsouth.net	Ms. Nancy Wichmann	2012-06-04 18:50
eeweir@bellsouth.net	Eric Weir	2012-06-04 18:51
cblists@256bit.org	Christian Brabandt	2012-06-04 19:00
sebastianzartner@googlemail.com	Sebastian Zartner	2012-06-04 19:05
misc@dartlang.org	General Dart Discussion	2012-06-04 19:45
ahe@google.com	Peter Ahé	2012-06-04 19:45
noreply@verycd.com	VeryCD 	2012-06-04 19:55
10000@qq.com	QQÓÊÏä¹ÜÀíÔ±	2012-06-04 20:10
ma1l1ists@yahoo.co.uk	Kevin Chadwick	2012-06-04 20:10
firebug@googlegroups.com	Firebug	2012-06-04 20:15
info@stupidtuesday.com	Larry	2012-06-04 20:15
lisaev@umail.iu.edu	Leonid Isaev	2012-06-04 20:20
sebastianzartner@googlemail.com	Sebastian Zartner	2012-06-04 20:25
lisaev@umail.iu.edu	Leonid Isaev	2012-06-04 20:25
nan_wich@bellsouth.net	Ms. Nancy Wichmann	2012-06-04 20:30
earnie@users.sourceforge.net	Earnie Boyd	2012-06-04 20:30
numbchild@gmail.com	numb child	2012-06-04 20:35
info@opendesktop.org	GNOME-Look.org	2012-06-04 20:35
beginners@perl.org	Beginners List	2012-06-04 20:45
rvm@cbord.com	Bob McConnell	2012-06-04 20:45
markh@abemblem.com	Mark Haney	2012-06-04 20:45
misc@dartlang.org	General Dart Discussion	2012-06-04 20:50
kasperl@google.com	Kasper Lund	2012-06-04 20:50
can6parmak@gmail.com	Can Alt??parmak	2012-06-04 20:50
lvlingli12@gmail.com	?????????	2012-06-04 21:00
numbchild@gmail.com	Miles Christopher	2012-06-04 21:00
tristan.j.huang@gmail.com	Tristan	2012-06-04 21:00
pullenjenna10@gmail.com	richard	2012-06-04 21:05
anikevicius@gmail.com	Ignas Anikevicius	2012-06-04 21:15
danielhilst@gmail.com	Daniel Hilst	2012-06-04 21:15
ma1l1ists@yahoo.co.uk	Kevin Chadwick	2012-06-04 21:20
tobias.powalowski@googlemail.com	Tobias Powalowski	2012-06-04 21:20
roy@panix.com	Roy Smith	2012-06-04 21:20
danielhilst@gmail.com	Daniel Hilst	2012-06-04 21:25
barnesandnoble@m.bn.com	Barnes & Noble	2012-06-04 21:35
c.nehren/beginners@shadowcat.co.uk	Chris Nehren	2012-06-04 22:00
arch-general@archlinux.org	General Discussion about Ar...	2012-06-04 22:05
bisson@archlinux.org	Gaetan Bisson	2012-06-04 22:05
nan_wich@bellsouth.net	Ms. Nancy Wichmann	2012-06-04 22:15
ron.eggler@inetgate.ca	Ron Eggler	2012-06-04 22:15
alain@dpt-info.u-strasbg.fr	Alain Ketterlin	2012-06-04 22:20
ron.eggler@inetgate.ca	Ron Eggler	2012-06-04 22:20
nan_wich@bellsouth.net	Ms. Nancy Wichmann	2012-06-04 22:20
fredthejonester@gmail.com	Fred Jones	2012-06-04 22:25
pullenjenna10@gmail.com	richard	2012-06-04 22:30
awesome@naquadah.org	Awesome WM ML	2012-06-04 22:45
nicolas.gquerol@gmail.com	Nicolas G. Querol	2012-06-04 22:45
python-list@python.org	python-list@python.org	2012-06-04 22:50
davidgshi@yahoo.co.uk	David Shi	2012-06-04 22:50
nicolas.gquerol@gmail.com	Nicolas G. Querol	2012-06-04 23:00
gorkypl@gmail.com	Pawe?? Rumian	2012-06-04 23:00
awesome@naquadah.org	Awesome WM ML	2012-06-04 23:00
stefan_ml@behnel.de	Stefan Behnel	2012-06-04 23:05
davidgshi@yahoo.co.uk	David Shi	2012-06-04 23:10
Mohan.Narayanaswamy-2@sc.com	Narayanaswamy, Mohan	2012-06-04 23:10
quanta.linux@gmail.com	quanta	2012-06-04 23:10
ma1l1ists@yahoo.co.uk	Kevin Chadwick	2012-06-04 23:20
psychon@znc.in	Uli Schlachter	2012-06-04 23:20
quanta.linux@gmail.com	quanta	2012-06-04 23:20
ma1l1ists@yahoo.co.uk	Kevin Chadwick	2012-06-04 23:21
awesome@naquadah.org	awesome	2012-06-04 23:25
grfz@gmx.de	Gregor Zattler	2012-06-04 23:25
stefan_ml@behnel.de	Stefan Behnel	2012-06-04 23:35
markh@abemblem.com	Mark Haney	2012-06-04 23:40
Mohan.Narayanaswamy-2@sc.com	Narayanaswamy, Mohan	2012-06-04 23:40
davidgshi@yahoo.co.uk	David Shi	2012-06-04 23:40
python-list@python.org	python-list@python.org	2012-06-04 23:40
alexander.orlov@loxal.net	Alexander Orlov	2012-06-04 23:45
davidgshi@yahoo.co.uk	David Shi	2012-06-04 23:50
Mohan.Narayanaswamy-2@sc.com	Narayanaswamy, Mohan	2012-06-04 23:50
Mohan.Narayanaswamy-2@sc.com	Narayanaswamy, Mohan	2012-06-04 23:55
davidgshi@yahoo.co.uk	David Shi	2012-06-04 23:55
python-list@python.org	python-list@python.org	2012-06-04 23:55
stefan_ml@behnel.de	Stefan Behnel	2012-06-04 23:56
alexander.orlov@loxal.net	Alexander Orlov	2012-06-05 00:10
vsm@google.com	Vijay Menon	2012-06-05 00:10
quanta.linux@gmail.com	quanta	2012-06-05 00:15
bog@khumba.net	Bryan Gardiner	2012-06-05 00:15
c.nehren/beginners@shadowcat.co.uk	Chris Nehren	2012-06-05 00:25
benjamin.kaplan@case.edu	Benjamin Kaplan	2012-06-05 00:25
istvan.soos@gmail.com	Istvan Soos	2012-06-05 00:25
sethladd@google.com	Seth Ladd	2012-06-05 00:25
misc@dartlang.org	General Dart Discussion	2012-06-05 00:25
forax@univ-mlv.fr	Rémi Forax	2012-06-05 00:30
sethladd@google.com	Seth Ladd	2012-06-05 00:30
misc@dartlang.org	General Dart Discussion	2012-06-05 00:30
michal.till@gmail.com	Michal Till	2012-06-05 00:30
sethladd@google.com	Seth Ladd	2012-06-05 00:30
misc@dartlang.org	General Dart Discussion	2012-06-05 00:30
chrisstinemetz@gmail.com	Chris Stinemetz	2012-06-05 00:35
prujohn@gmail.com	John Evans	2012-06-05 00:35
sethladd@google.com	Seth Ladd	2012-06-05 00:35
prujohn@gmail.com	John Evans	2012-06-05 00:40
sethladd@google.com	Seth Ladd	2012-06-05 00:40
sethladd@google.com	Seth Ladd	2012-06-05 00:40
ahe@google.com	Peter Ahé	2012-06-05 00:40
michal.till@gmail.com	Michal Till	2012-06-05 00:40
misc@dartlang.org	General Dart Discussion	2012-06-05 00:40
chrisstinemetz@gmail.com	Chris Stinemetz	2012-06-05 00:45
paul@pjcj.net	Paul Johnson	2012-06-05 00:45
beginners@perl.org	Beginners Beginners	2012-06-05 00:50
bills@ezinvoice.com	Bill Stephenson	2012-06-05 00:50
corky1951@comcast.net	Charlie Kester	2012-06-05 01:00
newsletter1@360buy.com	??????????????????	2012-06-05 01:05
support@drupal.org	support	2012-06-05 01:10
jnmutuku@gmail.com	Mutuku Ndeti	2012-06-05 01:10
branflake2267@gmail.com	Brandon Donnelson	2012-06-05 01:15
rnystrom@google.com	Bob Nystrom	2012-06-05 01:15
rnystrom@google.com	Bob Nystrom	2012-06-05 01:25
branflake2267@gmail.com	Brandon Donnelson	2012-06-05 01:25
sethladd@google.com	Seth Ladd	2012-06-05 01:25
rnystrom@google.com	Bob Nystrom	2012-06-05 01:25
prujohn@gmail.com	John Evans	2012-06-05 01:25
do-not-reply@stackexchange.com	Stack Exchange	2012-06-05 01:25
beginners@perl.org	Beginners Beginners	2012-06-05 01:30
bills@ezinvoice.com	Bill Stephenson	2012-06-05 01:30
tjreedy@udel.edu	Terry Reedy	2012-06-05 01:30
do-not-reply@stackexchange.com	Stack Exchange	2012-06-05 01:35
benjamin.kaplan@case.edu	Benjamin Kaplan	2012-06-05 01:40
ian.g.kelly@gmail.com	Ian Kelly	2012-06-05 01:40
do-not-reply@stackexchange.com	Stack Exchange	2012-06-05 01:40
shawnhcorey@gmail.com	Shawn H Corey	2012-06-05 01:50
support@drupal.org	support@drupal.org	2012-06-05 02:00
nan_wich@bellsouth.net	Ms. Nancy Wichmann	2012-06-05 02:00
cwood06@gmail.com	Colin Wood	2012-06-05 02:05
rnystrom@google.com	Bob Nystrom	2012-06-05 02:05
jmesserly@google.com	John Messerly	2012-06-05 02:05
dominich@google.com	dominic	2012-06-05 02:05
misc@dartlang.org	General Dart Discussion	2012-06-05 02:05
support@drupal.org	support drupal	2012-06-05 02:05
nan_wich@bellsouth.net	Ms. Nancy Wichmann	2012-06-05 02:05
branflake2267@gmail.com	Brandon Donnelson	2012-06-05 02:10
sethladd@google.com	Seth Ladd	2012-06-05 02:10
beginners@perl.org	Beginners Beginners	2012-06-05 02:10
bills@ezinvoice.com	Bill Stephenson	2012-06-05 02:10
cwood06@gmail.com	Colin Wood	2012-06-05 02:15
shawnhcorey@gmail.com	Shawn H Corey	2012-06-05 02:20
arch-general@archlinux.org	General Discussion about Ar...	2012-06-05 02:20
lists@sapience.com	Genes MailLists	2012-06-05 02:20
nan_wich@bellsouth.net	Ms. Nancy Wichmann	2012-06-05 02:25
earnie@users.sourceforge.net	Earnie Boyd	2012-06-05 02:25
support@drupal.org	support@drupal.org	2012-06-05 02:30
joel.willers@sigler.com	Joel Willers	2012-06-05 02:30
jmesserly@google.com	John Messerly	2012-06-05 02:35
rnystrom@google.com	Bob Nystrom	2012-06-05 02:35
auh@google.com	August ' OR 1=1, Huber	2012-06-05 02:35
dgrove@google.com	Dan Grove	2012-06-05 02:35
dominich@google.com	dominic	2012-06-05 02:35
misc@dartlang.org	General Dart Discussion	2012-06-05 02:35
support@drupal.org	support@drupal.org	2012-06-05 02:40
nan_wich@bellsouth.net	Ms. Nancy Wichmann	2012-06-05 02:40
vim_use@googlegroups.com	vim_use	2012-06-05 02:41
vim@noid.net	Tor Perkins	2012-06-05 02:41
shawnhcorey@gmail.com	Shawn H Corey	2012-06-05 02:45
chrisstinemetz@gmail.com	Chris Stinemetz	2012-06-05 02:45
jmesserly@google.com	John Messerly	2012-06-05 02:45
sammccall@google.com	Sam McCall	2012-06-05 02:45
misc@dartlang.org	General Dart Discussion	2012-06-05 02:45
support@drupal.org	support@drupal.org	2012-06-05 02:50
nan_wich@bellsouth.net	Ms. Nancy Wichmann	2012-06-05 02:50
joel.willers@sigler.com	Joel Willers	2012-06-05 02:50
fritzophrenic@gmail.com	Ben Fritz	2012-06-05 02:50
notifications@ex.fm	exfm	2012-06-05 02:55
nicolas.gquerol@gmail.com	Nicolas G. Querol	2012-06-05 02:55
gorkypl@gmail.com	Pawe?? Rumian	2012-06-05 02:55
awesome@naquadah.org	Awesome List	2012-06-05 02:55
arch-general@archlinux.org	General Discussion about Ar...	2012-06-05 03:00
pierre@archlinux.de	Pierre Schmitz	2012-06-05 03:00
arch-general@archlinux.org	General Discussion about Ar...	2012-06-05 03:05
lists@sapience.com	Genes MailLists	2012-06-05 03:05
branflake2267@gmail.com	Brandon Donnelson	2012-06-05 03:15
branflake2267@gmail.com	Brandon Donnelson	2012-06-05 03:15
nico.poulain@gmail.com	Nicolas Poulain	2012-06-05 03:20
fritzophrenic@gmail.com	Ben Fritz	2012-06-05 03:20
arch-general@archlinux.org	'General Discussion about A...	2012-06-05 03:40
gleira@gleira.com	Guillermo Leira	2012-06-05 03:40
gorkypl@gmail.com	Pawe?? Rumian	2012-06-05 03:50
nicolas.gquerol@gmail.com	Nicolas G. Querol	2012-06-05 03:50
awesome@naquadah.org	Awesome WM ML	2012-06-05 03:50
rnystrom@google.com	Bob Nystrom	2012-06-05 03:55
jmesserly@google.com	John Messerly	2012-06-05 03:55
sethladd@google.com	Seth Ladd	2012-06-05 03:55
prujohn@gmail.com	John Evans	2012-06-05 03:55
nicolas.gquerol@gmail.com	Nicolas G. Querol	2012-06-05 03:55
gorkypl@gmail.com	Pawe?? Rumian	2012-06-05 03:55
awesome@naquadah.org	Awesome List	2012-06-05 03:55
nad@acm.org	Ned Deily	2012-06-05 04:00
cjns1989@gmail.com	Chris Jones	2012-06-05 04:05
gorkypl@gmail.com	Pawe?? Rumian	2012-06-05 04:05
zimmerbenno@googlemail.com	Benno Zimmer	2012-06-05 04:05
nicolas.gquerol@gmail.com	Nicolas G. Querol	2012-06-05 04:05
awesome@naquadah.org	Awesome List	2012-06-05 04:05
arch-general@archlinux.org	General Discussion about Ar...	2012-06-05 04:10
ibiru@archlinux.org	Ionut Biru	2012-06-05 04:10
jmesserly@google.com	John Messerly	2012-06-05 04:10
rnystrom@google.com	Bob Nystrom	2012-06-05 04:10
sethladd@google.com	Seth Ladd	2012-06-05 04:10
prujohn@gmail.com	John Evans	2012-06-05 04:10
python-list@python.org	python-list@python.org	2012-06-05 04:15
ramit.prasad@jpmorgan.com	Prasad, Ramit	2012-06-05 04:15
benfell@parts-unknown.org	David Benfell	2012-06-05 04:15
alexander.orlov@loxal.net	Alexander Orlov	2012-06-05 04:15
alexander.orlov@loxal.net	Alexander Orlov	2012-06-05 04:15
vim@tim.thechases.com	Tim Chase	2012-06-05 04:20
howardb21@gmail.com	howard Schwartz	2012-06-05 04:20
prujohn@gmail.com	John Evans	2012-06-05 04:20
jmesserly@google.com	John Messerly	2012-06-05 04:20
sethladd@google.com	Seth Ladd	2012-06-05 04:20
prujohn@gmail.com	John Evans	2012-06-05 04:20
arch-general@archlinux.org	General Discussion about Ar...	2012-06-05 04:25
sudaraka.wijesinghe@gmail.com	Sudaraka Wijesinghe	2012-06-05 04:25
prujohn@gmail.com	John Evans	2012-06-05 04:30
sethladd@google.com	Seth Ladd	2012-06-05 04:30
jmesserly@google.com	John Messerly	2012-06-05 04:30
John.B.Little@gmail.com	John Little	2012-06-05 04:35
howardb21@gmail.com	howard Schwartz	2012-06-05 04:35
howardb21@gmail.com	howard Schwartz	2012-06-05 04:40
irmen.NOSPAM@xs4all.nl	Irmen de Jong	2012-06-05 04:45
arch-general@archlinux.org	General Discussion about Ar...	2012-06-05 04:50
alferpal@gmail.com	Alexandre Ferrando	2012-06-05 04:50
arch-general@archlinux.org	General Discussion about Ar...	2012-06-05 05:00
lists@sapience.com	Genes MailLists	2012-06-05 05:00
arch-general@archlinux.org	General Discussion about Ar...	2012-06-05 05:00
s.jansen@gmail.com	Sander Jansen	2012-06-05 05:00
indietorrent@gmail.com	Ben	2012-06-05 05:10
beginners@perl.org	Perl Beginners	2012-06-05 05:25
jwkrahn@shaw.ca	John W. Krahn	2012-06-05 05:25
prujohn@gmail.com	John Evans	2012-06-05 06:00
prujohn@gmail.com	John Evans	2012-06-05 06:00
jmesserly@google.com	John Messerly	2012-06-05 06:00
misc@dartlang.org	General Dart Discussion	2012-06-05 06:10
sudison@gmail.com	edison	2012-06-05 06:10
jhsachs@jhsachs.com	jhsachs -- account management	2012-06-05 06:25
misc@dartlang.org	General Dart Discussion	2012-06-05 06:25
michal.till@gmail.com	Michal Till	2012-06-05 06:25
michal.till@gmail.com	Michal Till	2012-06-05 06:30
rnystrom@google.com	Bob Nystrom	2012-06-05 06:30
misc@dartlang.org	General Dart Discussion	2012-06-05 06:30
lists@baums-on-web.de	Heiko Baums	2012-06-05 06:30
board-digest-noreply@quora.com	Quora Daily Board Digest	2012-06-05 06:50
board-digest-noreply@quora.com	Quora Daily Board Digest	2012-06-05 06:50
arch-general@archlinux.org	General Discussion about Ar...	2012-06-05 06:50
karol.blazewicz@gmail.com	Karol Blazewicz	2012-06-05 06:50
wadeamesbury@gmail.com	Wade A	2012-06-05 07:05
wadeamesbury@gmail.com	Wade A	2012-06-05 07:15
sethladd@google.com	Seth Ladd	2012-06-05 07:15
misc@dartlang.org	General Dart Discussion	2012-06-05 07:30
phloxicon@gmail.com	phloxicon	2012-06-05 07:30
arch-general@archlinux.org	General Discussion about Ar...	2012-06-05 07:40
gdamjan@gmail.com	Damjan Georgievski	2012-06-05 07:40
rogerb@rogerbinns.com	Roger Binns	2012-06-05 08:10
dominich@google.com	dominic	2012-06-05 08:10
rnystrom@google.com	Bob Nystrom	2012-06-05 08:10
seaneagan1@gmail.com	Sean Eagan	2012-06-05 08:10
ladicek@gmail.com	Ladislav Thon	2012-06-05 08:10
lrn@chromium.org	Lasse R.H. Nielsen	2012-06-05 08:10
ahe@google.com	Peter Ahé	2012-06-05 08:10
sammccall@google.com	Sam McCall	2012-06-05 08:10
misc@dartlang.org	General Dart Discussion	2012-06-05 08:10
phloxicon@gmail.com	phloxicon	2012-06-05 08:30
jmesserly@google.com	John Messerly	2012-06-05 08:30
misc@dartlang.org	General Dart Discussion	2012-06-05 08:30
michjun@google.com	Chih-Ying Michelle Fang	2012-06-05 08:35
vim_use@googlegroups.com	vim_use	2012-06-05 08:40
dickey@his.com	Thomas E. Dickey	2012-06-05 08:40
johnb.beckett@gmail.com	John Beckett	2012-06-05 08:55
michjun@google.com	Chih-Ying Michelle Fang	2012-06-05 09:05
sra@google.com	Stephen Adams	2012-06-05 09:05
pangj@riseup.net	pangj	2012-06-05 09:25
antoine.mechelynck@gmail.com	Tony Mechelynck	2012-06-05 09:30
dickey@his.com	Thomas E. Dickey	2012-06-05 09:30
lee.joosang@gmail.com	FSH	2012-06-05 09:30
onixie@gmail.com	Nixie O	2012-06-05 09:30
sra@google.com	Stephen Adams	2012-06-05 09:35
michjun@google.com	Chih-Ying Michelle Fang	2012-06-05 09:35
ben+python@benfinney.id.au	Ben Finney	2012-06-05 09:45
lee.joosang@gmail.com	FSH	2012-06-05 09:50
clp2@rebertia.com	Chris Rebert	2012-06-05 09:50
noreply@verycd.com	VeryCD 	2012-06-05 10:05
raof01@gmail.com	Fei Rao	2012-06-05 10:20
John.B.Little@gmail.com	John Little	2012-06-05 10:30
John.B.Little@gmail.com	John Little	2012-06-05 10:30
howardb21@gmail.com	Howard Schwartz	2012-06-05 10:30
benfell@parts-unknown.org	David Benfell	2012-06-05 10:40
arch-general@archlinux.org	General Discussion about Ar...	2012-06-05 10:45
allan@archlinux.org	Allan McRae	2012-06-05 10:45
benfell@parts-unknown.org	David Benfell	2012-06-05 10:50
yisi23@hotmail.com	cb J	2012-06-05 11:00
quanta.linux@gmail.com	quanta	2012-06-05 11:10
John.B.Little@gmail.com	John Little	2012-06-05 11:20
dickey@his.com	Thomas E. Dickey	2012-06-05 11:20
raof01@gmail.com	Fei Rao	2012-06-05 11:25
lhtlyy@gmail.com	Yuyang Liu	2012-06-05 11:25
bog@khumba.net	Bryan Gardiner	2012-06-05 11:30
quanta.linux@gmail.com	quanta	2012-06-05 11:30
numbchild@gmail.com	stardiviner	2012-06-05 11:35
n-ahzopuvyq=tznvy.pbz-8ac4b@postmaster.twitter.com	Twitter	2012-06-05 11:35
lewgun@gmail.com	??????????	2012-06-05 11:36
imeo@favadi.com	Diep Pham Van	2012-06-05 11:36
awu.awa@gmail.com	Yang	2012-06-05 11:40
lewgun@gmail.com	??????????	2012-06-05 11:40
allahbakash2@gmail.com	ALLAHBAKASH ALLAHBAKASH	2012-06-05 11:40
awu.awa@gmail.com	Yang	2012-06-05 11:45
nan_wich@bellsouth.net	Ms. Nancy Wichmann	2012-06-05 11:50
allahbakash2@gmail.com	ALLAHBAKASH ALLAHBAKASH	2012-06-05 11:50
lewgun@gmail.com	??????????	2012-06-05 11:50
xushiweizh@gmail.com	shiwei xu	2012-06-05 12:00
allahbakash2@gmail.com	ALLAHBAKASH ALLAHBAKASH	2012-06-05 12:00
tony@tony-mac.com	Anthony	2012-06-05 12:05
www.forrest@gmail.com	Forrest Liu	2012-06-05 12:10
in.vaibhavjain@gmail.com	Vaibhav Jain	2012-06-05 12:10
